<?xml version="1.0" encoding="UTF-8"?>
<ti:module xmlns:ti="http://ti.appcelerator.org" xmlns:android="http://schemas.android.com/apk/res/android">
	<android xmlns:android="http://schemas.android.com/apk/res/android">

		<tool-api-level>14</tool-api-level>
		<manifest>
			<uses-sdk android:minSdkVersion="9" android:targetSdkVersion="14" />
			<application>
				<activity
				android:name="net.daum.adam.publisher.impl.AdInterstitialActivity"
				android:configChanges="orientation|keyboardHidden|screenSize" />
				<meta-data android:name="com.google.android.gms.version"
				android:value="4452000"/>
			</application>
			<uses-permission android:name="android.permission.INTERNET"/>
			<uses-permission android:name="android.permission.ACCESS_NETWORK_STATE"/>
		</manifest>
	</android>
</ti:module>
